id,name
1,"Kim, Zelda"
2,"Stevens, Wesley Lou"
3,Elias Kross
4,1ila Ann Millar
5,Y. Howard
6,Xema Powell
7,"Pryce, Derek"
8,Kara Noel Pervy Sr
9,Quinn Cooper
10,"Mitchell, Selene"
11,vIy Jenkinson
12,Cora Pryce
13,"Smith, Aiden"
14,Isaac Clark Jr
15,Mae MacDonald
16,B. Luis
17,P. J. Forster
18,Nina Allan
19,Priya Paul Reed II
20,Adrian Dean Lawis III
21,Ulric Vazquez
22,Holden NoelxColman
23,Harnah Browne
24,Piper Jane Forster II
25,Holden Noel Colmn
26,Priya Paul Ried
27,Perrye Landon Faye
28,Felix Ruth Brookes
29,Kara Perry Sr
30,Farah Johnsdon II
31,J. G. Clarke
32,Soern Jane Ortiz
33,"Ward, Aria Ann"
34,Wesley Lou Stevens
35,A. Smith
36,Noel Lnoge
37,Jasper Grace Curtic
38,Thea Vasquez II
39,Reed Priya Paul
40,Powel Yael
41,Gideon Marie Roades
42,Selene Mitchell
43,"Miller, Kieran"
44,Aria Ann aWrd
45,Aiden Smith Jr
46,Diana Garza
47,Priya xaul Reed
48,"Allen, Mason Jr"
49,Aiedn Smith
50,Miles Skye Russell Jr
51,"Luis, Bria"
52,W. Hayes
53,Paxton xreen
54,Emmett Bnenett
55,Owen veid Sr
56,"Brookes, Felix Ruth"
57,O. J. Greene
58,Morgan Uma
59,Mason Allen Jr
60,Holden Noel Colman Sr
61,Grart Parker
62,O. Foster
63,K. Miller
64,Hazel Dawson Sr
65,T. Ortis
66,Adien Smith
67,Benett Warde
68,V. Petersen Jr
69,Soren Jane Ortzi
70,"Russell, Miles Skye"
71,Elas Kross
72,Q. Cooper
73,Xean Powel
74,J. Jenkinson
75,"Couper, Rafael Elle III"
76,Cyrus Snier
77,Talie Ortis
78,Kelli Ledner
79,Quentni Nolan Sr
80,Beatrice Snyter
81,Bria Luis Jr
82,Bianca Schmidt
83,Diaa Paul Garza
84,"Turner, Valerie Jr"
85,Mason Alln Jr
86,V. Turner Jr
87,P. P. Reed
88,"Petersen, Vera Jr"
89,Kieran Miler
90,Emmett xennet
91,Vera Petersen
92,Cooper Quinn
93,Gaivn Browne
94,M. Allen Jr
95,Xena oPwell
96,Dreek Pryce
97,D. Pryce
98,Hezel Dawson
99,Soren Jane Ortiz
100,Helena Dean Parker
101,Oliev Green
102,Imani Dawzen
103,Warde Bennett
104,Elena Brookes
105,Tala Ortis
106,iucia Sullivon
107,Delia Watkinson
108,"Kross, Elias"
109,Paxton Geen
110,O. Greene
111,Isaac Faye Calrk Jr
112,Johnson Ethan June
113,"Johnston, Farah II"
114,Beatrice Snydr
115,Hanson Zara
116,"Forster, Piper Jane II"
117,"Stephens, Ximena"
118,Yusuf Hansen
119,K. Sullivan Sr
120,Heleno Parkar
121,Wyatt liayes
122,Nadai Russell
123,Ethn June Johnson
124,"Schmidt, Bianca"
125,Violet Paul Morgon
126,Ximena Stephens
127,Mira Long
128,Cheryl Nader
129,Olive Greene
130,Delia Waktinson
131,Willie Abshire
132,Mason Allen xr
133,Felix Brookes
134,Walker Turnar
135,H. Colman
136,yCrus Snider
137,Grant Parker III
138,Miles Skye Russell
139,Fiona Bennet
140,Ulric Vaxquez
141,Bailey Ian
142,Kim Zelda
143,G. Roades
144,Nadia Roussel
145,Diana Paul Gavza
146,Xavier Haxs
147,Vera ePtersen
148,Zane Skye Howarth II
149,Feona Cole Bennet
150,Gideon Lee Rhodes
151,xennett Warde
152,eLvi McDonald
153,Valerie Turer Jr
154,Freya Lou Rhodes
155,Walker Turner
156,Perry Kara Noel Sr
157,Orion Foster III
158,"Perrye, Landon Faye"
159,CoraxPrice
160,Hannah Browne
161,Holden Noel Colman
162,Cyvus Snider
163,"MacDonald, Mae"
164,Yael Powle
165,Ari Kimm
166,Imami Dawsen
167,Ruben Bauch
168,E. Kross
169,Thea Vasquez
170,Zaen Skye Howarth
171,Ulrlc Vasquez
172,Garza Diana Paul
173,Elias rKoss
174,Selene Michell
175,MacDonald Mae
176,Rliey Lee Nolan
177,Kimm Ari
178,"Bailey, Ian"
179,Ximena Stexhens
180,L. McDonald
181,eSlene Mitchell
182,Noe1 Longe
183,Ethan Jure Johnson
184,E. Brooks
185,"Perry, Kara Noel Sr"
186,oCra Pryce
187,Orino Foster
188,Greta Colenan
189,K. N. Perry
190,Roades Gideon Marie
191,C. Garcia
192,Delie Watkinson
193,A. A. Ward
194,Miles Skye Russlel
195,M. Russell
196,Mitchell Selene
197,Z. Hanson
198,OrionxFoster
199,Danica Reed Cross Sr
200,"Nolen, Riley"
201,Ivy Jenkins
202,Zara Hanson Jr
203,Ward Aria Ann
204,Pryce Derek
205,Quentin Nolan Sv
206,"Lopez, Reina"
207,Emmett Bennett Sr
208,rAi Kimm
209,Riley Nolen II
210,Danica Cross
211,"Hays, Xavier"
212,C. Snider
213,Grant Parken
214,Imain Dawson
215,Freya Lou Rhodes II
216,Quentin Nolan Sr
217,"Ortis, Talia"
218,L. Millar
219,Zara Hanosn
220,Greta Cloeman
221,Ethan Johnston
222,Freya Lou Rhdes
223,Zeda Kim
224,Valerie Turnar
225,Arthur Schowalter-Haag
226,Yael Poewl
227,Powell Xena
228,D. Watkinson
229,L. Perrye
230,Grant Prker
231,X. Stephens
232,xera Petersen
233,L. F. Perrye
234,Jenkins Ivy
235,Lial Ann Millar
236,"Jenkins, Ivy"
237,"Garcia, Caleb Dean"
238,Louvenia Carter
239,Jonah Jenkinson
240,Jasper Grace Curtis Jr
241,Forster Piper Jane II
242,Wytat Hayes
243,Lucia Sullivon
244,Xavier Heys
245,Coa Price
246,Noel Lone
247,Serenity Schumm
248,Tliea Vasquez
249,I. Jenkins
250,Parker Grant
251,Quenin Nolan
252,Qiunn Cooper
253,Farali Johnston II
254,Hazel Dawson
255,Riley Nlen
256,xuinn Couper
257,A. D. Lewis
258,I. F. Clark
259,Iy Jenkins
260,Morgon Violet Paul Jr
261,Rafael Elle Covper III
262,"Howard, Yara James"
263,Landn Faye Perrye
264,Gideon Roades
265,N. Roussel
266,Danica Reed Cruss
267,rGant Parker
268,Ivy Jemkins
269,Farah Johnston II
270,Cyrus Snider
271,Turnar Walker II
272,Brookes Felix Ruth
273,"Dawson, Hazel"
274,Imani Dwsen
275,Owen Reid Sr
276,Felix Ruth Bookes
277,H. Browne
278,Orion Foster
279,xusuf Cole Hansen
280,Lewis Adrian Dean III
281,Levi Mc Donald
282,Long Mira
283,Snider Cyrus
284,Miles Russell
285,Isaoc Faye Clark Jr
286,Helena Parkar
287,Stephens Ximena
288,Cora Price II
289,Ortis Talia
290,Couper Rafael Elle III
291,Xavier Hays
292,Quentin Nlan Sr
293,Selene Mitchell III
294,"Sullivan, Keaton Elle Sr"
295,"Greene, Olive June"
296,Uriel Peterson
297,Kross Elias
298,Reina Loez
299,Mia Long
300,Gideon Marie Roades II
301,"Clark, Isaac Faye Jr"
302,Reina Lopez
303,Rafel Elle Couper III
304,Thea Vasquz
305,Mae McDonald
306,Derek Pyrce
307,Brett Schumm
308,Uma Murgan
309,Beatrice Snyder Jr
310,D. Garza
311,Joe Carter
312,Riely Nolen
313,GrantxParker
314,rnae MacDonald
315,Linda Hahn
316,"Cooper, Quinn"
317,Jenna Clarke
318,Ian Bailey
319,"Dawsen, Imani"
320,Aiden Simth
321,"Roades, Gideon Marie"
322,Masun Allen Jr
323,nannah Browne
324,Jaser Grace Curtis
325,Elena xune Brooks
326,Iar Bailey
327,Xavier Hys
328,Gavin Brawn Sr
329,Derek Price
330,Tea Vazquez
331,Yara Howard
332,"Garza, Diana Paul"
333,Elna June Brooks
334,F. Brookes
335,Della Watkinson
336,"Vasquez, Thea"
337,U. R. Peterson
338,Hays Xavier
339,Tea Vasquez
340,Jenna Grace Clarke Jr
341,Z. S. Howarth
342,Greta Faye Colman
343,Noel Longe II
344,Q. Nolan Sr
345,Rhodes Freya Lou
346,Aiden Smth
347,Yusuf Coli Hansen
348,P. Green
349,kolin Watkins
350,Xera Powell
351,Coleman Greta
352,Z. Kim
353,Diana Paul Garza
354,ori Kimm
355,Greta Coleman III
356,Violet Paul Morgon Jn
357,Ivy Jekins
358,Kieran Mlller
359,Great Coleman
360,Keafon Elle Sullivan Sr
361,Isaac Faye Clark
362,Msaon Allen
363,Pper Jane Forster II
364,Kieran Miller
365,Kara Noel Perry Sr
366,Gaxin Brown
367,xesley James Stephens
368,Rafael Couper III
369,Paxton Green
370,Wesley Stphens
371,"Allan, Nina Kai"
372,Ximena Sephens
373,Howard Yara James
374,Noel Lorg
375,Greta Colean
376,Wesley Stevens
377,S. Ortiz
378,M. MacDonald
379,Wxatt Hayes
380,Deerk Price
381,Jolie Bayley II
382,Ian Bayley
383,Hannah Browne III
384,D. P. Garza
385,"Reid, Owen Sr"
386,Bennett Emmett
387,"Lopes, Silas Paul Sr"
388,Cody Bayer
389,B. Snyder
390,Lexi McDonald
391,"Watkins, Colin"
392,Emmett Bennet
393,Valerie Turner
394,Elena June Brooks III
395,Xena Poxell
396,Lucia Sullivun
397,E1ias Kross
398,Elena Brooks
399,Bonnie Haley
400,Gia Heaney
401,Bria Luis
402,Landon Faye Perrye
403,Greta Coleman
404,W. Stevens
405,"Foster, Orion"
406,Kiearn Miller
407,W. Turnar II
408,Hnnah Browne
409,Caleb Dean Garcia III
410,Cyrus Sndier
411,Zane Skye Howanth
412,Tristan Michell
413,Helena Parker
414,Emmatt Bennett
415,Uma Morgon
416,Gain Brown Sr
417,"Snider, Cyrus"
418,Beatrice Syder
419,O. Reid Sr
420,I. Dawsen
421,J. Clarke
422,U. Peterson
423,Landon Perrye
424,Adian Dean Lewis III
425,Dnica Reed Cross
426,Danica ReedxCross
427,Lucia Sulivon
428,Y. C. Hansen
429,Derek Pvyce
430,V. P. Morgon
431,Miles SkyexRussell
432,Garcia Caleb Dean
433,Vazquez Ulric
434,urion Foster
435,H. Parkar
436,Howarth Zane Skye
437,M. S. Russell
438,Miva Long
439,Milse Skye Russell
440,Karina James curtis
441,Karina Kurtis
442,Xavien Hays
443,Imani Daswen
444,"Colman, Holden Noel"
445,N. Allan
446,Bennet Fiona Cole
447,Paxfon Green
448,Jo Upton
449,"Green, Paxton"
450,X. Powell
451,Delia Watkinson Sr
452,Xena Powell
453,Jenna Grace Clarxe
454,Mira Lng
455,"Hanson, Zara"
456,Ethan Johnson
457,Biamca Schmidt
458,Allan Nina Kai
459,Colman Holden Noel
460,Brown Gavin Sr
461,Ian Bai1ey
462,Wesley L0u Stevens
463,Uma Morgan
464,Binnett Warde
465,Riley rolen
466,Reina Loxez
467,Uriel Reed Peterson
468,Yara James Hoard
469,Smith Aiden
470,Thea Vsquez
471,Cyrus Snidr
472,Vilet Paul Morgon Jr
473,Johe Bayley II
474,Rafael Elle Couper
475,Ulric Vazquez III
476,C. D. Garcia
477,Wesley Jane Stephens
478,Noel Long
479,Nadia Co1e Roussel
480,"Bennett, Emmett"
481,Dela Ray Watkins
482,Bennett Worde
483,Miller Kieran
484,Parkar Helena
485,Quentin Nolan
486,Farah Jolinston
487,Jonah Ann Jenkinson Jr
488,wOen Reid Sr
489,Piper Forster II
490,Caleb Dean Gacia
491,Jenkinson Jonah Ann
492,Helena Pavkar
493,Imani Dawsen
494,evy Jenkins
495,aCleb Garza
496,C. Watkins
497,Violet Morgon Jr
498,Greta C0leman
499,"Lewis, Adrian Dean III"
500,Hozel Dawson
501,Zane Howarth
502,Soren Jane Ortiz Sr
503,Tristn Cole Michell
504,"Powel, Yael"
505,Helena Parkra
506,S. Lopes Sr
507,Lila Ann Millar II
508,Owen eRid
509,Aria Ann Ward
510,Z. Howarth
511,Ximena Stphens
512,xolie Bayley II
513,Clark Isaac Faye Jr
514,Yusuf Cole Hansen III
515,Mason Allen
516,"Michell, Tristan Cole"
517,Bennett Warde
518,B. Schmidt
519,Roussel Nadia Cole
520,R. Lopez
521,Silas Paul Lops Sr
522,Quinn Cooper Sr
523,Derik Pryce
524,"Morgon, Violet Paul Jr"
525,"Curtis, Jasper Grace"
526,Kara Noel Perry
527,Mira oLng
528,Zara Hanon
529,P. Forster II
530,Caleb Dean Garcia
531,Nima Kai Allan
532,Levi MacDonald
533,Violet Paul Mrgon Jr
534,Valerie Tunrer
535,iMra Long
536,"Reed, Priya Paul"
537,Walker Tuvnar II
538,Ixy Jenkins
539,iKeran Miller
540,Karnia Curtis
541,"Nolan, Quentin Sr"
542,Keatn Elle Sullivan Sr
543,Deiia Watkins
544,K. Kurtis
545,S. P. Lopes
546,"Millar, Lila Ann"
547,Lila Millar
548,Ethan June Johnson II
549,Fletcher Connelly
550,Sullivon Lucia
551,Cross Danica Reed
552,Xea Powell
553,Imani Dawsen III
554,Aria Ward
555,Landon Faye Perrye Jr
556,"Kimm, Ari"
557,Cody Leffler
558,Xena Powell II
559,Levi McDonald Jr
560,Y. J. Howard
561,VeraxPetersen Jr
562,Relna Lopez
563,Ca1eb Dean Garcia
564,Zelda Kin
565,Jasper Kurtis
566,Talia Ortis
567,Talia Ortis Sr
568,T. Michell
569,Orville Nader
570,Price Cora
571,Paxton Graen
572,Ulric Vaqzuez
573,Ortiz Soren Jane
574,Turner Valerie Jr
575,Biansa Schmidt
576,Riley No1en
577,A. Kimm
578,0live June Greene
579,Nolan Quentin Sr
580,Zane Skxe Howarth
581,E. J. Brooks
582,Ian Baiey
583,Xavier Hays Jr
584,Owen Rid
585,Ari Kirnm
586,Zane Skye Howarth
587,Hazel Dawsen
588,Aidem Smith
589,Adrian Dean Lewis
590,Kieran Mi1ler
591,McDonald Levi
592,Priya Reed
593,Ximena Stephens III
594,Aiden Smith
595,Quinn oCoper
596,Wyatt Hasy
597,"Cross, Danica Reed"
598,Nol Longe
599,Zelda Kim
600,Michell Tristan Cole
601,Nina Kai Alaln
602,Beatrice Snyder
603,Sias Paul Lopes Sr
604,Nina Kai Allan Sr
605,Walker Turmar
606,Benrett Warde
607,Zelda xim
608,Ximnea Stephens
609,Fehx Ruth Brookes
610,F. R. Brookes
611,"Watkinson, Delia"
612,Derek Pryce
613,Bianca Schmidt Jr
614,Wsley Lou Stevens
615,Miles Roussel
616,Ollve June Greene
617,F. C. Bennet
618,Piper Jane F0rster II
619,Deia Watkinson
620,Imani Daxsen
621,Adrian tean Lewis III
622,Vera Petarsen Jr
623,"Longe, Noel"
624,Caleb Dear Garcia
625,Yael Powl
626,xiona Cole Bennet
627,Banca Schmidt
628,Paxton Green Jr
629,Yusuf Cole Hansen
630,"Bennet, Fiona Cole"
631,Coiln Watkins
632,Ulric Vazquz
633,Vasquez Thea
634,Lila Ann Millar
635,Priay Paul Reed
636,"Long, Mira"
637,Yara James Howard
638,Karina James Kurtis
639,Zaar Hanson
640,Orian Foster
641,Wesley Stephens
642,Ememtt Bennett
643,Lucia Sullivon Sr
644,Karla Osinski
645,Mae Maconald
646,W. L. Stevens
647,"Vazquez, Ulric"
648,Reina Lopez Jr
649,"Snyder, Beatrice"
650,Millar Lila Ann
651,Keaton Elle Sullivan Sr
652,Jolie Byaley II
653,Luica Sullivon
654,Jolie Bayley
655,Qoinn Cooper
656,I. Clark Jr
657,Sorin Jane Ortiz
658,Wesley Lou Stevns
659,Watkinson Delia
660,Hleena Parkar
661,Rafael Elle Couper eII
662,"Clarke, Jenna Grace"
663,Xna Powel
664,Ximene Stephens
665,Riley Nolen
666,Moses Crist
667,Quinn Coopr
668,Jolei Bayley
669,B. Warde
670,G. Brown Sr
671,Bira Luis
672,Fiona Cole Bennet Jr
673,Hannah Bronwe
674,Fiona Cole Bannet
675,Longe Noel
676,Uirel Reed Peterson
677,Gavin Brown Sr
678,Uma Morgan II
679,Selene Mifchell
680,aNdia Cole Roussel
681,Stevens Wesley Lou
682,Karina James Kurtis III
683,Levi McDonald
684,Ume Paul Morgon
685,Kurtis Karina James
686,Priya Paul Reed
687,Watkins Colin
688,F. L. Rhodes
689,Silas Lopes Sr
690,Walker Turnar II
691,Landon Foye Perrye
692,Yara xames Howard
693,Felix Ruth Brookes II
694,Uam Morgan
695,Felx Ruth Brookes
696,"Parkar, Helena"
697,Kraina James Kurtis
698,Jonali Ann Jenkinson
699,Taia Ortiz
700,L. Sullivon
701,Browne Hannah
702,Colin Watkisn
703,Ua Morgan
704,Aria Ann Warcl
705,Inani Dawson
706,Ari Km
707,Jenna Grace Clarke
708,Bra Luis
709,Derek Pyce
710,Russell Miles Skye
711,Waker Turner
712,Piper Jane Forster
713,H. Dawson
714,Snyder Beatrice
715,G. M. Roades
716,J. G. Curtis
717,A. Ward
718,Emmetf Bennett
719,Jnah Ann Jenkinson
720,Bianca cchmidt
721,Zela Kim
722,Tristan Cole Micliell
723,U. Morgan
724,Hlden Noel Colman
725,Lea Wisozk
726,Selene Mitchill
727,Zelda Kim Jr
728,Yara James Howard II
729,Walkr Turnar II
730,Ari Kim
731,Jasper Curtis
732,Yael Powe1
733,Grant Parker
734,Silas Paul Lopes Sr
735,Demetrius Graham
736,Eiias Kross
737,oria Ann Ward
738,Mira Long Sr
739,Nadia Cole Russel
740,Zelda Kimm
741,"Powell, Xena"
742,Nina Kai A1lan
743,E. Johnson
744,"Peterson, Uriel Reed"
745,Derrick Tromp
746,Silas Lopez
747,T. Vasquez
748,Silas Paul Lopes
749,Beatrice Sndyer
750,Johnston Farah II
751,"Price, Cora"
752,Frankie Torphy
753,P. Reed
754,Jonah Ann Jenkinson
755,Yel Powel
756,J. Curtis
757,Adrian Lewis III
758,Gideon Marie Roedes
759,Farah Jonston
760,Keaton Elle Sullvian Sr
761,Ignacio Barton
762,Valerie Turner Jr
763,Helena Parkar Jr
764,Colin Watkins
765,Zara Hanson
766,Uma norgan
767,Wyatt Haxes
768,Colin Watknis
769,Uma Moragn
770,J. A. Jenkinson
771,F. Rhodes
772,Talia Ortls
773,Petersen Vera Jr
774,"Coleman, Greta"
775,Foster Orion
776,Bria Luls
777,Jonah Ann Jenknson
778,Freya L0u Rhodes
779,"Parker, Grant"
780,Nolen Riley
781,Owen Reed
782,F. Johnston II
783,"McDonald, Levi"
784,K. Perry Sr
785,Eelna Brookes
786,Olive June Greene Jr
787,Gideon Marie noades
788,Ethan June Johmson
789,Zane Howard
790,Violet Paul Morgon Jr
791,Gavin Brown
792,Elena June Brooks
793,Ian xailey
794,Wyatt Hayes III
795,Bayley Jolie II
796,eJnna Grace Clarke
797,Peterson Uriel Reed
798,R. Couper III
799,N. K. Allan
800,Ivy Jenkins Sr
801,Olive June Greene
802,Helna Parkar
803,Luz Hilll
804,Nole Longe
805,G. Coleman
806,Isaac Faye Clark Jr
807,sIaac Faye Clark
808,Kieran Miller Jr
809,Diana Paul Garza III
810,Lila Ann Millra
811,"Hansen, Yusuf Cole"
812,Qventin Nolan
813,Rafael Elle Couper III
814,Mae MasDonald
815,Ophelia Metz
816,Uriel Raed Peterson
817,Elias Kross III
818,Pipre Foster
819,Kara Noel Perry cr
820,Gavin Browne
821,Fiona Cole Bennet
822,Yara Howarth
823,Yael Powel Sr
824,Schmidt Bianca
825,N. Longe
826,Vera Petersen Jr
827,"Warde, Bennett"
828,Mae MacDonald Sr
829,E. Bennett
830,V. Morgon Jr
831,U. Vazquez
832,Selene Mtichell
833,M. Long
834,Felx Brooks
835,Gavin Bown Sr
836,iGdeon Marie Roades
837,Cora Price
838,Farha Johnston II
839,Valreie Turner Jr
840,Green Paxton
841,Imani Dawson
842,Elis Kross
843,Leiv McDonald
844,Walker Turar
845,Ari Kmm
846,Dawson Hazel
847,Ethan June Johnson
848,"Roussel, Nadia Cole"
849,Owen Reid
850,Danica Reed Cross
851,Levi MDconald
852,Bennett Warde Jr
853,Qinn Cooper
854,Mae MacD0nald
855,Cyrus Snider II
856,"Brooks, Elena June"
857,Adrian Dean Lewis III
858,Agnes O'Connell
859,Nina Kai Allan
860,Diana Paul Graza
861,Teha Vasquez
862,Ian Bailey III
863,Reina Lopiz
864,"Browne, Hannah"
865,Orino Forster
866,Bria Lis
867,Luis Bria
868,rFeya Lou Rhodes
869,Pipre Foter
870,Dawsen Imani
871,Hazel Dawsan
872,Vear Petersen Jr
873,Betarice Snyder
874,Farah Johnston
875,Trisdan Mitchell
876,Riliy Nolen
877,A. Lewis III
878,Clarke Jenna Grace
879,Lopez Reina
880,ZaraxHanson
881,"Bayley, Jolie II"
882,Jlie Bayley
883,Xavier Hayc
884,"Morgan, Uma"
885,Lcuia Sullivon
886,K. E. Sullivan
887,Emmett Bennedt
888,Sullivan Keaton Elle Sr
889,Craig Howell
890,"Kurtis, Karina James"
891,Paxton Gveen
892,Orion Faster
893,"Sullivon, Lucia"
894,Y. Powel
895,Freya Rhodes
896,"Howarth, Zane Skye"
897,Walker Tvrnar II
898,Yusuf Cole Hnsen
899,Reid Owen Sr
900,Cora Priec
901,Cora Pirce
902,"Hayes, Wyatt"
903,S. Mitchell
904,Lopes Silas Paul Sr
905,L. A. Millar
906,Curtis Jasper Grace
907,Valarie Turner Jr
908,Coln Watkins
909,F. Bennet
910,Keaton Elle Sullivan
911,Colin Watkins III
912,X. Hays
913,Selene Mithcell
914,Enola Hettinger
915,Nadia Cole Roussel III
916,Wesley Lou Stevens III
917,Allen Mason Jr
918,Hazel Daws0n
919,"Turnar, Walker II"
920,Hansen Yusuf Cole
921,N. C. Roussel
922,Jasper Grace Curtis
923,Hayes Wyatt
924,H. N. Colman
925,Uriel Reed Peterson Jr
926,Uriel Reed Peterosn
927,I. Bailey
928,C. Price
929,Cora xrice
930,Brooks Elena June
931,xenna Grace Clarke
932,ean Bailey
933,Keaton Sullivan Sr
934,J. Bayley II
935,Landon Faye ePrrye
936,Me MacDonald
937,Olive June Gerene
938,sara Hanson
939,Ulnic Vazquez
940,"Brown, Gavin Sr"
941,Chyna Schoen
942,Bia Lewis
943,Silas Paul Lupes Sr
944,Maon Allen
945,K. J. Kurtis
946,R. E. Couper
947,Hanah Browne
948,Jolie Bailey
949,Jesper Grace Curtis
950,Holden Colman
951,Bria Lius
952,"Johnson, Ethan June"
953,Greene Olive June
954,Delphia Fay
955,G. Parker
956,Martin Lockman
957,Derek Pryce II
958,Talia rOtis
959,Hazle Dawson
960,Tristan Cole Michell
961,D. Cross
962,"Rhodes, Freya Lou"
963,Lia Miller
964,Yra James Howard
965,cieran Millar
966,Kavina James Kurtis
967,Elena June xrooks
968,Owen Riid Sr
969,Montana Herzog
970,Zelda Klm
971,U1ric Vazquez
972,E. J. Johnson
973,aGvin Brown
974,"Ortiz, Soren Jane"
975,Nadia Cole Roussel
976,T. C. Michell
977,Talia Orfis
978,"Jenkinson, Jonah Ann"
979,S. J. Ortiz
980,Caleb Garcia
981,Ari Kimm Jr
982,De1ia Watkinson
983,Soren Ortiz
984,Yael Powel
985,Emmett Bennett
986,Wyatt Hays
987,Piper Jane Frster II
988,Wyatt Hayes
989,Tristan Cole Michell II
990,Noel Longe
991,R. Nolen
992,Aeden Schmidt
993,Y. Hansen
994,Bra Lewis
995,Tristan Cale Michell
996,Reina Loepz
997,Aria Ann Ward Sr
998,Kra Noel Perry Sr
999,Bianca Schmiclt
1000,D. R. Cross
